Sub-Category,Sales,Region,Order ID,Ship Mode,Customer ID,Customer Name,Segment,Country/Region,City,State,Product ID,Category,Product Name
Phones,5.5600000000000005,West,CA-2019-141929,Standard Class,RA-19285,Ralph Arnett,Consumer,United States,Los Angeles,California,TEC-PH-10002185,Technology,QVS USB Car Charger 2-Port 2.1Amp for iPod/iPhone/iPad/iPad 2/iPad 3
Phones,7.920000000000001,West,CA-2019-134915,Same Day,EM-14140,Eugene Moren,Home Office,United States,Glendale,Arizona,TEC-PH-10000347,Technology,Cush Cases Heavy Duty Rugged Cover Case for Samsung Galaxy S5 - Purple
Phones,7.992000000000001,West,CA-2019-131807,Standard Class,GG-14650,Greg Guthrie,Corporate,United States,Chico,California,TEC-PH-10000702,Technology,"Square Credit Card Reader, 4 1/2"" x 4 1/2"" x 1"", White"
Phones,7.992000000000001,West,CA-2019-168109,Same Day,JK-15640,Jim Kriz,Home Office,United States,Seattle,Washington,TEC-PH-10000702,Technology,"Square Credit Card Reader, 4 1/2"" x 4 1/2"" x 1"", White"
Phones,15.984000000000002,West,CA-2017-102316,Second Class,DH-13075,Dave Hallsten,Corporate,United States,Los Angeles,California,TEC-PH-10000376,Technology,Square Credit Card Reader
Phones,15.984000000000002,West,CA-2017-163440,First Class,RD-19900,Ruben Dartt,Consumer,United States,Thousand Oaks,California,TEC-PH-10000376,Technology,Square Credit Card Reader
Phones,15.991999999999999,West,CA-2016-138240,Standard Class,SJ-20500,Shirley Jackson,Consumer,United States,San Francisco,California,TEC-PH-10002583,Technology,iOttie HLCRIO102 Car Mount
Phones,15.991999999999999,West,CA-2018-157707,First Class,CC-12610,Corey Catlett,Corporate,United States,Denver,Colorado,TEC-PH-10002583,Technology,iOttie HLCRIO102 Car Mount
Phones,16.776000000000003,West,CA-2017-155124,Standard Class,KS-16300,Karen Seio,Corporate,United States,Lehi,Utah,TEC-PH-10003356,Technology,"SmartStand Mobile Device Holder, Assorted Colors"
Phones,17.52,West,US-2019-109316,First Class,MG-17680,Maureen Gastineau,Home Office,United States,Los Angeles,California,TEC-PH-10000307,Technology,Shocksock Galaxy S4 Armband
Phones,19.8,West,CA-2017-103716,Standard Class,KB-16585,Ken Black,Corporate,United States,San Francisco,California,TEC-PH-10000347,Technology,Cush Cases Heavy Duty Rugged Cover Case for Samsung Galaxy S5 - Purple
Phones,20.784000000000002,West,US-2018-139087,Second Class,DK-13375,Dennis Kane,Consumer,United States,Seattle,Washington,TEC-PH-10000148,Technology,Cyber Acoustics AC-202b Speech Recognition Stereo Headset
Phones,22,West,US-2019-140312,Standard Class,KL-16645,Ken Lonsdale,Consumer,United States,Dublin,California,TEC-PH-10003442,Technology,Samsung Replacement EH64AVFWE Premium Headset
Phones,23.976000000000003,West,CA-2016-152345,Second Class,ST-20530,Shui Tom,Consumer,United States,Albuquerque,New Mexico,TEC-PH-10004897,Technology,Mediabridge Sport Armband iPhone 5s
Phones,28.68,West,CA-2018-145261,First Class,AH-10120,Adrian Hane,Home Office,United States,Salem,Oregon,TEC-PH-10004833,Technology,Macally Suction Cup Mount
Phones,28.784,West,CA-2016-141838,Second Class,DK-12835,Damala Kotsonis,Corporate,United States,San Francisco,California,TEC-PH-10004100,Technology,Griffin GC17055 Auxiliary Audio Cable
Phones,29.592000000000002,West,CA-2019-102414,Second Class,JA-15970,Joseph Airdo,Consumer,United States,Phoenix,Arizona,TEC-PH-10002923,Technology,"Logitech B530 USB Headset - headset - Full size, Binaural"
Phones,31.176000000000002,West,CA-2019-156958,First Class,PB-18805,Patrick Bzostek,Home Office,United States,Seattle,Washington,TEC-PH-10000148,Technology,Cyber Acoustics AC-202b Speech Recognition Stereo Headset
Phones,31.968000000000004,West,CA-2019-121468,First Class,KD-16345,Katherine Ducich,Consumer,United States,Westminster,California,TEC-PH-10000376,Technology,Square Credit Card Reader
Phones,31.983999999999998,West,CA-2019-135909,Standard Class,JW-15220,Jane Waco,Corporate,United States,Sacramento,California,TEC-PH-10003187,Technology,Anker Astro Mini 3000mAh Ultra-Compact Portable Charger
Phones,31.983999999999998,West,US-2018-126452,Standard Class,SC-20230,Scot Coram,Corporate,United States,Los Angeles,California,TEC-PH-10003187,Technology,Anker Astro Mini 3000mAh Ultra-Compact Portable Charger
Phones,33.52,West,CA-2018-100468,Standard Class,AT-10435,Alyssa Tate,Home Office,United States,Los Angeles,California,TEC-PH-10001300,Technology,"iKross Bluetooth Portable Keyboard + Cell Phone Stand Holder + Brush for Apple iPhone 5S 5C 5, 4S 4"
Phones,35.12,West,CA-2017-147816,Second Class,CM-11935,Carlos Meador,Consumer,United States,Tucson,Arizona,TEC-PH-10003095,Technology,Samsung HM1900 Bluetooth Headset
Phones,35.168,West,CA-2019-126067,Standard Class,KN-16705,Kristina Nunn,Home Office,United States,Seattle,Washington,TEC-PH-10000912,Technology,Anker 24W Portable Micro USB Car Charger
Phones,35.984,West,CA-2018-157217,First Class,TC-21535,Tracy Collins,Home Office,United States,San Francisco,California,TEC-PH-10002070,Technology,Griffin GC36547 PowerJolt SE Lightning Charger
Phones,36.784,West,CA-2017-129546,Standard Class,RP-19855,Roy Phan,Corporate,United States,Los Angeles,California,TEC-PH-10003555,Technology,Motorola HK250 Universal Bluetooth Headset
Phones,38.24,West,CA-2018-130680,Standard Class,BD-11320,Bill Donatelli,Consumer,United States,San Diego,California,TEC-PH-10004833,Technology,Macally Suction Cup Mount
Phones,39.96000000000001,West,CA-2019-161459,Second Class,EB-13750,Edward Becker,Corporate,United States,Laguna Niguel,California,TEC-PH-10004071,Technology,PayAnywhere Card Reader
Phones,39.96000000000001,West,US-2018-115819,Second Class,JO-15280,Jas O'Carroll,Consumer,United States,Los Angeles,California,TEC-PH-10004700,Technology,PowerGen Dual USB Car Charger
Phones,39.992000000000004,West,CA-2019-102379,Standard Class,BB-11545,Brenda Bowman,Corporate,United States,Oakland,California,TEC-PH-10001448,Technology,Anker Astro 15000mAh USB Portable Charger
Phones,43.176,West,CA-2017-121188,Standard Class,CB-12025,Cassandra Brandow,Consumer,United States,Los Angeles,California,TEC-PH-10003589,Technology,invisibleSHIELD by ZAGG Smudge-Free Screen Protector
Phones,43.176,West,CA-2019-101182,First Class,KB-16405,Katrina Bavinger,Home Office,United States,Apple Valley,California,TEC-PH-10003589,Technology,invisibleSHIELD by ZAGG Smudge-Free Screen Protector
Phones,43.6,West,CA-2016-159709,Standard Class,AI-10855,Arianne Irving,Consumer,United States,Kent,Washington,TEC-PH-10003988,Technology,"LF Elite 3D Dazzle Designer Hard Case Cover, Lf Stylus Pen and Wiper For Apple Iphone 5c Mini Lite"
Phones,44.736000000000004,West,US-2018-125402,Standard Class,DL-12865,Dan Lawera,Consumer,United States,Long Beach,California,TEC-PH-10003356,Technology,"SmartStand Mobile Device Holder, Assorted Colors"
Phones,46.384,West,CA-2016-115889,Standard Class,SH-20395,Shahid Hopkins,Consumer,United States,San Francisco,California,TEC-PH-10001615,Technology,AT&T CL82213
Phones,47.976,West,CA-2019-169901,Standard Class,CC-12550,Clay Cheatham,Consumer,United States,San Francisco,California,TEC-PH-10002293,Technology,Anker 36W 4-Port USB Wall Charger Travel Power Adapter for iPhone 5s 5c 5
Phones,49.61600000000001,West,US-2019-112347,Standard Class,BS-11380,Bill Stewart,Corporate,United States,Denver,Colorado,TEC-PH-10000213,Technology,Seidio BD2-HK3IPH5-BK DILEX Case and Holster Combo for Apple iPhone 5/5s - Black
Phones,52.67999999999999,West,CA-2016-129364,Standard Class,TB-21250,Tim Brockman,Consumer,United States,Salem,Oregon,TEC-PH-10003095,Technology,Samsung HM1900 Bluetooth Headset
Phones,52.792,West,CA-2016-134726,Second Class,SW-20755,Steven Ward,Corporate,United States,Seattle,Washington,TEC-PH-10001750,Technology,Samsung Rugby III
Phones,52.792,West,CA-2019-114804,Second Class,BF-11020,Barry Französisch,Corporate,United States,Modesto,California,TEC-PH-10001700,Technology,Panasonic KX-TG6844B Expandable Digital Cordless Telephone
Phones,55.176,West,US-2018-139486,First Class,LH-17155,Logan Haushalter,Consumer,United States,Los Angeles,California,TEC-PH-10003555,Technology,Motorola HK250 Universal Bluetooth Headset
Phones,55.992,West,CA-2018-162110,Standard Class,NP-18670,Nora Paige,Consumer,United States,Phoenix,Arizona,TEC-PH-10001924,Technology,iHome FM Clock Radio with Lightning Dock
Phones,57.36,West,US-2019-112347,Standard Class,BS-11380,Bill Stewart,Corporate,United States,Denver,Colorado,TEC-PH-10004833,Technology,Macally Suction Cup Mount
Phones,57.40800000000001,West,CA-2016-135993,Standard Class,PJ-18835,Patrick Jones,Corporate,United States,Seattle,Washington,TEC-PH-10001552,Technology,I Need's 3d Hello Kitty Hybrid Silicone Case Cover for HTC One X 4g with 3d Hello Kitty Stylus Pen Green/pink
Phones,57.568,West,CA-2019-133207,Standard Class,DO-13645,Doug O'Connell,Consumer,United States,Los Angeles,California,TEC-PH-10004100,Technology,Griffin GC17055 Auxiliary Audio Cable
Phones,61.192,West,CA-2018-166226,Standard Class,TC-21535,Tracy Collins,Home Office,United States,Los Angeles,California,TEC-PH-10003357,Technology,Grandstream GXP2100 Mainstream Business Phone
Phones,66.97600000000001,West,CA-2018-139934,First Class,AY-10555,Andy Yotov,Corporate,United States,San Francisco,California,TEC-PH-10001552,Technology,I Need's 3d Hello Kitty Hybrid Silicone Case Cover for HTC One X 4g with 3d Hello Kitty Stylus Pen Green/pink
Phones,67.04,West,CA-2019-115931,Standard Class,JM-15655,Jim Mitchum,Corporate,United States,Carlsbad,New Mexico,TEC-PH-10001300,Technology,"iKross Bluetooth Portable Keyboard + Cell Phone Stand Holder + Brush for Apple iPhone 5S 5C 5, 4S 4"
Phones,68.72000000000001,West,CA-2017-156146,Second Class,AG-10495,Andrew Gjertsen,Corporate,United States,Peoria,Arizona,TEC-PH-10001527,Technology,Plantronics MX500i Earset
Phones,71.92800000000001,West,US-2019-158505,Same Day,SF-20200,Sarah Foster,Consumer,United States,Murray,Utah,TEC-PH-10004071,Technology,PayAnywhere Card Reader
Phones,71.952,West,CA-2019-136623,Standard Class,TS-21430,Tom Stivers,Corporate,United States,San Diego,California,TEC-PH-10000004,Technology,Belkin iPhone and iPad Lightning Cable
Phones,71.96,West,CA-2019-136007,Standard Class,AC-10615,Ann Chong,Corporate,United States,Seattle,Washington,TEC-PH-10003589,Technology,invisibleSHIELD by ZAGG Smudge-Free Screen Protector
Phones,71.96,West,CA-2019-151225,First Class,JM-15655,Jim Mitchum,Corporate,United States,Los Angeles,California,TEC-PH-10004100,Technology,Griffin GC17055 Auxiliary Audio Cable
Phones,71.976,West,CA-2018-103107,Same Day,RB-19465,Rick Bensley,Home Office,United States,Seattle,Washington,TEC-PH-10002564,Technology,OtterBox Defender Series Case - Samsung Galaxy S4
Phones,71.976,West,CA-2018-166163,Second Class,CY-12745,Craig Yedwab,Corporate,United States,Oakland,California,TEC-PH-10004896,Technology,Nokia Lumia 521 (T-Mobile)
Phones,71.976,West,CA-2019-119424,Second Class,SB-20185,Sarah Brown,Consumer,United States,Kent,Washington,TEC-PH-10002564,Technology,OtterBox Defender Series Case - Samsung Galaxy S4
Phones,71.976,West,CA-2019-166093,Standard Class,RW-19540,Rick Wilson,Corporate,United States,Brentwood,California,TEC-PH-10002564,Technology,OtterBox Defender Series Case - Samsung Galaxy S4
Phones,72.74400000000001,West,CA-2017-124058,Standard Class,LC-16885,Lena Creighton,Consumer,United States,Oakland,California,TEC-PH-10004774,Technology,Gear Head AU3700S Headset
Phones,73.584,West,CA-2018-109806,Standard Class,JS-15685,Jim Sink,Corporate,United States,Los Angeles,California,TEC-PH-10004093,Technology,Panasonic Kx-TS550
Phones,73.584,West,US-2016-120313,Second Class,NL-18310,Nancy Lomonaco,Home Office,United States,San Francisco,California,TEC-PH-10003092,Technology,Motorola L804
Phones,79.92000000000002,West,CA-2019-108574,Standard Class,MG-18145,Mike Gockenbach,Consumer,United States,Los Angeles,California,TEC-PH-10000702,Technology,"Square Credit Card Reader, 4 1/2"" x 4 1/2"" x 1"", White"
Phones,79.96,West,US-2019-142188,Same Day,JF-15415,Jennifer Ferguson,Consumer,United States,Seattle,Washington,TEC-PH-10000127,Technology,iOttie XL Car Mount
Phones,79.968,West,CA-2016-119144,First Class,JD-16150,Justin Deggeller,Corporate,United States,Los Angeles,California,TEC-PH-10004188,Technology,OtterBox Commuter Series Case - Samsung Galaxy S4
Phones,83.98400000000001,West,CA-2016-156349,Standard Class,ML-17395,Marina Lichtenstein,Corporate,United States,Los Angeles,California,TEC-PH-10002726,Technology,netTALK DUO VoIP Telephone Service
Phones,83.98400000000001,West,US-2016-134733,Standard Class,BM-11650,Brian Moss,Corporate,United States,San Diego,California,TEC-PH-10002726,Technology,netTALK DUO VoIP Telephone Service
Phones,84.784,West,CA-2018-134544,Second Class,AC-10660,Anna Chung,Consumer,United States,San Francisco,California,TEC-PH-10003800,Technology,i.Sound Portable Power - 8000 mAh
Phones,84.784,West,CA-2019-101308,Standard Class,FG-14260,Frank Gastineau,Home Office,United States,Seattle,Washington,TEC-PH-10003800,Technology,i.Sound Portable Power - 8000 mAh
Phones,84.784,West,US-2018-156986,Standard Class,ZC-21910,Zuschuss Carroll,Consumer,United States,Salem,Oregon,TEC-PH-10003800,Technology,i.Sound Portable Power - 8000 mAh
Phones,86.352,West,CA-2019-139080,Standard Class,CS-12250,Chris Selesnick,Corporate,United States,Seattle,Washington,TEC-PH-10004100,Technology,Griffin GC17055 Auxiliary Audio Cable
Phones,87.8,West,US-2017-142811,Standard Class,JL-15850,John Lucas,Consumer,United States,Mesa,Arizona,TEC-PH-10003095,Technology,Samsung HM1900 Bluetooth Headset
Phones,87.96,West,US-2017-131359,Second Class,FA-14230,Frank Atkinson,Corporate,United States,Denver,Colorado,TEC-PH-10004531,Technology,OtterBox Commuter Series Case - iPhone 5 & 5s
Phones,88.752,West,CA-2017-145821,Standard Class,JB-15400,Jennifer Braxton,Corporate,United States,Los Angeles,California,TEC-PH-10004348,Technology,OtterBox Defender Series Case - iPhone 5c
Phones,88.77600000000001,West,CA-2017-151253,Standard Class,AZ-10750,Annie Zypern,Consumer,United States,Los Angeles,California,TEC-PH-10002923,Technology,"Logitech B530 USB Headset - headset - Full size, Binaural"
Phones,88.77600000000001,West,CA-2019-131828,Second Class,CS-11845,Cari Sayre,Corporate,United States,Seattle,Washington,TEC-PH-10002923,Technology,"Logitech B530 USB Headset - headset - Full size, Binaural"
Phones,88.77600000000001,West,CA-2019-158071,Standard Class,BD-11320,Bill Donatelli,Consumer,United States,Seattle,Washington,TEC-PH-10002923,Technology,"Logitech B530 USB Headset - headset - Full size, Binaural"
Phones,91.96,West,US-2018-126452,Standard Class,SC-20230,Scot Coram,Corporate,United States,Los Angeles,California,TEC-PH-10003555,Technology,Motorola HK250 Universal Bluetooth Headset
Phones,95.76,West,CA-2018-103891,Standard Class,KH-16690,Kristen Hastings,Corporate,United States,Los Angeles,California,TEC-PH-10000149,Technology,Cisco SPA525G2 IP Phone - Wireless
Phones,95.84,West,CA-2019-107748,Second Class,AG-10330,Alex Grayson,Consumer,United States,Stockton,California,TEC-PH-10003215,Technology,Jackery Bar Premium Fast-charging Portable Charger
Phones,95.84,West,CA-2019-130764,First Class,JO-15145,Jack O'Briant,Corporate,United States,San Francisco,California,TEC-PH-10003215,Technology,Jackery Bar Premium Fast-charging Portable Charger
Phones,103.19200000000001,West,CA-2019-105487,Standard Class,CS-12250,Chris Selesnick,Corporate,United States,San Diego,California,TEC-PH-10001336,Technology,Digium D40 VoIP phone
Phones,105.584,West,CA-2016-110555,Standard Class,MM-18055,Michelle Moray,Consumer,United States,Great Falls,Montana,TEC-PH-10000586,Technology,AT&T SB67148 SynJ
Phones,105.584,West,CA-2017-156146,Second Class,AG-10495,Andrew Gjertsen,Corporate,United States,Peoria,Arizona,TEC-PH-10001700,Technology,Panasonic KX-TG6844B Expandable Digital Cordless Telephone
Phones,105.584,West,CA-2018-159730,Standard Class,SJ-20125,Sanjit Jacobs,Home Office,United States,Seattle,Washington,TEC-PH-10002085,Technology,Clarity 53712
Phones,105.584,West,CA-2019-145233,Standard Class,DV-13465,Dianna Vittorini,Consumer,United States,Denver,Colorado,TEC-PH-10000586,Technology,AT&T SB67148 SynJ
Phones,107.88,West,CA-2019-119011,Standard Class,LR-17035,Lisa Ryan,Corporate,United States,San Francisco,California,TEC-PH-10003171,Technology,Plantronics Encore H101 Dual Earpieces Headset
Phones,107.88,West,US-2019-107888,First Class,CC-12220,Chris Cortes,Consumer,United States,Seattle,Washington,TEC-PH-10003171,Technology,Plantronics Encore H101 Dual Earpieces Headset
Phones,107.984,West,CA-2018-155474,Standard Class,CC-12220,Chris Cortes,Consumer,United States,Seattle,Washington,TEC-PH-10001580,Technology,Logitech Mobile Speakerphone P710e - speaker phone
Phones,108.576,West,US-2018-144211,Standard Class,CS-12130,Chad Sievert,Consumer,United States,Englewood,Colorado,TEC-PH-10002890,Technology,AT&T 17929 Lendline Telephone
Phones,109.59200000000001,West,CA-2018-129238,Standard Class,SC-20050,Sample Company A,Home Office,United States,Los Angeles,California,TEC-PH-10004120,Technology,AT&T 1080 Phone
Phones,110.352,West,CA-2017-118871,Second Class,HM-14860,Harry Marie,Corporate,United States,Los Angeles,California,TEC-PH-10000193,Technology,Jensen SMPS-640 - speaker phone
Phones,110.352,West,CA-2019-104619,Standard Class,KD-16495,Keith Dawkins,Corporate,United States,San Jose,California,TEC-PH-10000193,Technology,Jensen SMPS-640 - speaker phone
Phones,110.376,West,CA-2018-109953,Standard Class,RB-19360,Raymond Buch,Consumer,United States,San Francisco,California,TEC-PH-10004093,Technology,Panasonic Kx-TS550
Phones,111.984,West,CA-2017-120103,Standard Class,MS-17365,Maribeth Schnelling,Consumer,United States,Phoenix,Arizona,TEC-PH-10002170,Technology,ClearSounds CSC500 Amplified Spirit Phone Corded phone
Phones,117.57600000000002,West,CA-2016-155264,Second Class,RP-19270,Rachel Payne,Corporate,United States,San Francisco,California,TEC-PH-10001305,Technology,Panasonic KX TS208W Corded phone
Phones,119.96,West,CA-2019-118864,Second Class,KH-16690,Kristen Hastings,Corporate,United States,Los Angeles,California,TEC-PH-10001809,Technology,Panasonic KX T7736-B Digital phone
Phones,125.944,West,US-2017-136427,First Class,JM-16195,Justin MacKendrick,Consumer,United States,Aurora,Colorado,TEC-PH-10002070,Technology,Griffin GC36547 PowerJolt SE Lightning Charger
Phones,125.97600000000001,West,CA-2017-140144,Second Class,SC-20770,Stewart Carmichael,Corporate,United States,San Francisco,California,TEC-PH-10002726,Technology,netTALK DUO VoIP Telephone Service
Phones,126.56,West,CA-2019-151008,First Class,JM-16195,Justin MacKendrick,Consumer,United States,Draper,Utah,TEC-PH-10002807,Technology,Motorla HX550 Universal Bluetooth Headset
Phones,128.744,West,CA-2019-108574,Standard Class,MG-18145,Mike Gockenbach,Consumer,United States,Los Angeles,California,TEC-PH-10003555,Technology,Motorola HK250 Universal Bluetooth Headset
Phones,135.984,West,CA-2017-134117,Second Class,PG-18895,Paul Gonzalez,Consumer,United States,Los Angeles,California,TEC-PH-10004908,Technology,Panasonic KX TS3282W Corded phone
Phones,139.8,West,CA-2016-123855,Standard Class,MC-18100,Mick Crebagga,Consumer,United States,Los Angeles,California,TEC-PH-10000215,Technology,Plantronics Cordless Phone Headset with In-line Volume - M214C
Phones,139.94400000000002,West,US-2017-156496,Standard Class,WB-21850,William Brown,Consumer,United States,Redmond,Oregon,TEC-PH-10004188,Technology,OtterBox Commuter Series Case - Samsung Galaxy S4
Phones,140.376,West,CA-2017-141012,Second Class,TG-21640,Trudy Glocke,Consumer,United States,Pocatello,Idaho,TEC-PH-10004522,Technology,Dexim XPower Skin Super-Thin Power Case for iPhone 5 - Black
Phones,140.736,West,CA-2019-106859,Second Class,BF-11215,Benjamin Farhat,Home Office,United States,Albuquerque,New Mexico,TEC-PH-10004531,Technology,OtterBox Commuter Series Case - iPhone 5 & 5s
Phones,143.64000000000001,West,CA-2016-124737,Standard Class,AP-10915,Arthur Prichep,Consumer,United States,Denver,Colorado,TEC-PH-10000149,Technology,Cisco SPA525G2 IP Phone - Wireless
Phones,143.952,West,CA-2019-166898,Second Class,KH-16630,Ken Heidel,Corporate,United States,Santa Ana,California,TEC-PH-10002564,Technology,OtterBox Defender Series Case - Samsung Galaxy S4
Phones,143.976,West,CA-2017-139164,Standard Class,CS-12355,Christine Sundaresam,Consumer,United States,Long Beach,California,TEC-PH-10003931,Technology,JBL Micro Wireless Portable Bluetooth Speaker
Phones,146.952,West,CA-2018-151148,Same Day,PO-19180,Philisse Overcash,Home Office,United States,Louisville,Colorado,TEC-PH-10001870,Technology,Lunatik TT5L-002 Taktik Strike Impact Protection System for iPhone 5
Phones,148.48,West,CA-2019-123491,Standard Class,JK-15205,Jamie Kunitz,Consumer,United States,San Francisco,California,TEC-PH-10003505,Technology,Geemarc AmpliPOWER60
Phones,155.976,West,CA-2016-148915,Standard Class,ND-18370,Natalie DeCherney,Consumer,United States,Portland,Oregon,TEC-PH-10000673,Technology,Plantronics Voyager Pro HD - Bluetooth Headset
Phones,156.79200000000003,West,CA-2019-121125,Standard Class,MG-17890,Michael Granlund,Home Office,United States,Tigard,Oregon,TEC-PH-10001619,Technology,LG G3
Phones,156.79200000000003,West,US-2018-169040,Standard Class,GT-14710,Greg Tran,Consumer,United States,Seattle,Washington,TEC-PH-10002310,Technology,Plantronics Calisto P620-M USB Wireless Speakerphone System
Phones,159.96000000000004,West,US-2019-155999,Standard Class,JK-15370,Jay Kimmel,Consumer,United States,San Diego,California,TEC-PH-10000439,Technology,GE DSL Phone Line Filter
Phones,159.96800000000002,West,CA-2018-100993,Standard Class,AZ-10750,Annie Zypern,Consumer,United States,San Diego,California,TEC-PH-10001448,Technology,Anker Astro 15000mAh USB Portable Charger
Phones,159.984,West,US-2018-151862,Standard Class,ON-18715,Odella Nelson,Corporate,United States,Denver,Colorado,TEC-PH-10003535,Technology,RCA ViSYS 25423RE1 Corded phone
Phones,160.776,West,CA-2019-161809,Standard Class,TH-21100,Thea Hendricks,Consumer,United States,Los Angeles,California,TEC-PH-10004922,Technology,RCA Visys Integrated PBX 8-Line Router
Phones,164.79200000000003,West,US-2019-120147,Same Day,TB-21400,Tom Boeckenhauer,Consumer,United States,Los Angeles,California,TEC-PH-10002447,Technology,AT&T CL83451 4-Handset Telephone
Phones,165.60000000000002,West,CA-2018-167241,Standard Class,BD-11320,Bill Donatelli,Consumer,United States,Los Angeles,California,TEC-PH-10004614,Technology,AT&T 841000 Phone
Phones,167.96800000000002,West,CA-2016-106376,Standard Class,BS-11590,Brendan Sweed,Corporate,United States,Gilbert,Arizona,TEC-PH-10002726,Technology,netTALK DUO VoIP Telephone Service
Phones,167.976,West,CA-2019-164707,Second Class,CV-12805,Cynthia Voltz,Corporate,United States,Los Angeles,California,TEC-PH-10001924,Technology,iHome FM Clock Radio with Lightning Dock
Phones,173.65600000000003,West,US-2016-138247,Standard Class,BF-11170,Ben Ferrer,Home Office,United States,Los Angeles,California,TEC-PH-10000213,Technology,Seidio BD2-HK3IPH5-BK DILEX Case and Holster Combo for Apple iPhone 5/5s - Black
Phones,177.48000000000002,West,CA-2018-103107,Same Day,RB-19465,Rick Bensley,Home Office,United States,Seattle,Washington,TEC-PH-10001198,Technology,Avaya 4621SW VoIP phone
Phones,177.48000000000002,West,US-2018-139710,Standard Class,GM-14680,Greg Matthias,Consumer,United States,Los Angeles,California,TEC-PH-10001198,Technology,Avaya 4621SW VoIP phone
Phones,183.96,West,CA-2019-162978,Standard Class,LW-16990,Lindsay Williams,Corporate,United States,San Francisco,California,TEC-PH-10003092,Technology,Motorola L804
Phones,191.976,West,CA-2016-110786,Standard Class,AJ-10795,Anthony Johnson,Corporate,United States,San Francisco,California,TEC-PH-10001425,Technology,Mophie Juice Pack Helium for iPhone
Phones,191.976,West,CA-2019-143378,Standard Class,JR-16210,Justin Ritter,Corporate,United States,Springfield,Oregon,TEC-PH-10001425,Technology,Mophie Juice Pack Helium for iPhone
Phones,195.96000000000004,West,CA-2019-145765,Standard Class,CM-11815,Candace McMahon,Corporate,United States,Phoenix,Arizona,TEC-PH-10001305,Technology,Panasonic KX TS208W Corded phone
Phones,196.776,West,CA-2019-154116,Standard Class,KM-16660,Khloe Miller,Consumer,United States,Inglewood,California,TEC-PH-10000675,Technology,Panasonic KX TS3282B Corded phone
Phones,196.776,West,CA-2019-163902,Standard Class,MY-17380,Maribeth Yedwab,Corporate,United States,Los Angeles,California,TEC-PH-10000675,Technology,Panasonic KX TS3282B Corded phone
Phones,201.568,West,CA-2017-122826,Second Class,RD-19480,Rick Duston,Consumer,United States,Olympia,Washington,TEC-PH-10004830,Technology,Pyle PRT45 Retro Home Telephone
Phones,201.584,West,CA-2016-156349,Standard Class,ML-17395,Marina Lichtenstein,Corporate,United States,Los Angeles,California,TEC-PH-10000441,Technology,VTech DS6151
Phones,201.584,West,CA-2018-161928,Second Class,AC-10660,Anna Chung,Consumer,United States,San Francisco,California,TEC-PH-10003484,Technology,Ooma Telo VoIP Home Phone System
Phones,201.584,West,CA-2019-123001,Standard Class,AW-10840,Anthony Witt,Consumer,United States,Bakersfield,California,TEC-PH-10003484,Technology,Ooma Telo VoIP Home Phone System
Phones,201.584,West,US-2017-122910,Standard Class,LT-16765,Larry Tron,Consumer,United States,Louisville,Colorado,TEC-PH-10000441,Technology,VTech DS6151
Phones,201.584,West,US-2019-155425,First Class,AB-10600,Ann Blume,Corporate,United States,Tucson,Arizona,TEC-PH-10002563,Technology,Adtran 1202752G1
Phones,203.184,West,CA-2018-158834,First Class,TW-21025,Tamara Willingham,Home Office,United States,Scottsdale,Arizona,TEC-PH-10001254,Technology,Jabra BIZ 2300 Duo QD Duo Corded Headset
Phones,203.976,West,CA-2018-164399,First Class,DW-13480,Dianna Wilson,Home Office,United States,San Diego,California,TEC-PH-10004908,Technology,Panasonic KX TS3282W Corded phone
Phones,206.38400000000001,West,CA-2019-167640,Standard Class,FC-14245,Frank Carlisle,Home Office,United States,San Francisco,California,TEC-PH-10001336,Technology,Digium D40 VoIP phone
Phones,211.168,West,CA-2016-162992,First Class,BP-11095,Bart Pistole,Corporate,United States,Los Angeles,California,TEC-PH-10002085,Technology,Clarity 53712
Phones,211.168,West,CA-2018-148852,Standard Class,SV-20785,Stewart Visinsky,Consumer,United States,Santa Ana,California,TEC-PH-10003885,Technology,Cisco SPA508G
Phones,211.168,West,CA-2018-151092,Standard Class,VG-21790,Vivek Gonzalez,Consumer,United States,Los Angeles,California,TEC-PH-10001700,Technology,Panasonic KX-TG6844B Expandable Digital Cordless Telephone
Phones,211.168,West,US-2019-117534,First Class,CV-12295,Christina VanderZanden,Consumer,United States,Fresno,California,TEC-PH-10000141,Technology,Clearsounds A400
Phones,213.48000000000002,West,CA-2016-143336,Second Class,ZD-21925,Zuschuss Donatelli,Consumer,United States,San Francisco,California,TEC-PH-10001949,Technology,Cisco SPA 501G IP Phone
Phones,215.968,West,CA-2019-105809,First Class,HW-14935,Helen Wasserman,Corporate,United States,San Diego,California,TEC-PH-10001580,Technology,Logitech Mobile Speakerphone P710e - speaker phone
Phones,217.58400000000003,West,CA-2017-139164,Standard Class,CS-12355,Christine Sundaresam,Consumer,United States,Long Beach,California,TEC-PH-10002468,Technology,"Plantronics CS 50-USB - headset - Convertible, Monaural"
Phones,219.168,West,CA-2016-166471,Standard Class,MG-17650,Matthew Grinstein,Home Office,United States,Seattle,Washington,TEC-PH-10000038,Technology,Jawbone MINI JAMBOX Wireless Bluetooth Speaker
Phones,219.18400000000003,West,CA-2017-143490,Standard Class,NP-18325,Naresj Patel,Consumer,United States,San Diego,California,TEC-PH-10000576,Technology,AT&T 1080 Corded phone
Phones,222.38400000000001,West,CA-2018-154081,Standard Class,JE-15610,Jim Epp,Corporate,United States,Los Angeles,California,TEC-PH-10001918,Technology,Nortel Business Series Terminal T7208 Digital phone
Phones,225.57599999999996,West,CA-2017-164567,Standard Class,GK-14620,Grace Kelly,Corporate,United States,Los Angeles,California,TEC-PH-10002103,Technology,Jabra SPEAK 410
Phones,230.376,West,CA-2016-108189,First Class,ES-14080,Erin Smith,Corporate,United States,Tempe,Arizona,TEC-PH-10001557,Technology,Pyle PMP37LED
Phones,239.98400000000004,West,CA-2016-153969,Standard Class,HF-14995,Herbert Flentye,Consumer,United States,San Francisco,California,TEC-PH-10001299,Technology,Polycom CX300 Desktop Phone USB VoIP phone
Phones,239.98400000000004,West,CA-2018-110086,Standard Class,BD-11320,Bill Donatelli,Consumer,United States,Woodland,California,TEC-PH-10001299,Technology,Polycom CX300 Desktop Phone USB VoIP phone
Phones,242.624,West,CA-2019-152310,Standard Class,DK-12895,Dana Kaydos,Consumer,United States,Seattle,Washington,TEC-PH-10002538,Technology,Grandstream GXP1160 VoIP phone
Phones,246.168,West,CA-2018-137729,Standard Class,BF-11005,Barry Franz,Home Office,United States,Los Angeles,California,TEC-PH-10001433,Technology,Cisco Small Business SPA 502G VoIP phone
Phones,246.38400000000001,West,US-2016-135972,Second Class,JG-15115,Jack Garza,Consumer,United States,Des Moines,Washington,TEC-PH-10003012,Technology,Nortel Meridian M3904 Professional Digital phone
Phones,249.58400000000003,West,CA-2017-127824,Standard Class,JC-15775,John Castell,Consumer,United States,Seattle,Washington,TEC-PH-10004094,Technology,Motorola L703CM
Phones,249.58400000000003,West,US-2018-103674,Standard Class,AP-10720,Anne Pryor,Home Office,United States,Los Angeles,California,TEC-PH-10002496,Technology,Cisco SPA301
Phones,255.93600000000004,West,CA-2016-110184,Standard Class,BF-11170,Ben Ferrer,Home Office,United States,Los Angeles,California,TEC-PH-10000439,Technology,GE DSL Phone Line Filter
Phones,258.576,West,CA-2019-121258,Standard Class,DB-13060,Dave Brooks,Consumer,United States,Costa Mesa,California,TEC-PH-10003645,Technology,Aastra 57i VoIP phone
Phones,258.576,West,US-2017-120502,Standard Class,BT-11395,Bill Tyler,Corporate,United States,Los Angeles,California,TEC-PH-10003645,Technology,Aastra 57i VoIP phone
Phones,263.96000000000004,West,CA-2016-164469,Second Class,GK-14620,Grace Kelly,Corporate,United States,Salem,Oregon,TEC-PH-10002115,Technology,Plantronics 81402
Phones,263.96000000000004,West,CA-2017-124800,Standard Class,RW-19540,Rick Wilson,Corporate,United States,Mesa,Arizona,TEC-PH-10001750,Technology,Samsung Rugby III
Phones,271.96,West,US-2018-103674,Standard Class,AP-10720,Anne Pryor,Home Office,United States,Los Angeles,California,TEC-PH-10004080,Technology,Avaya 5410 Digital phone
Phones,271.992,West,CA-2018-152121,Second Class,CC-12670,Craig Carreira,Consumer,United States,Scottsdale,Arizona,TEC-PH-10002483,Technology,Motorola Moto X
Phones,279.96,West,CA-2019-140963,First Class,MT-18070,Michelle Tran,Home Office,United States,Los Angeles,California,TEC-PH-10001924,Technology,iHome FM Clock Radio with Lightning Dock
Phones,287.88,West,CA-2017-135580,Standard Class,CL-12565,Clay Ludtke,Consumer,United States,Los Angeles,California,TEC-PH-10004345,Technology,Cisco SPA 502G IP Phone
Phones,300.768,West,US-2018-135720,Second Class,FM-14380,Fred McMath,Consumer,United States,Aurora,Colorado,TEC-PH-10002103,Technology,Jabra SPEAK 410
Phones,302.376,West,CA-2016-100881,Standard Class,DR-12940,Daniel Raglin,Home Office,United States,Albuquerque,New Mexico,TEC-PH-10003273,Technology,AT&T TR1909W
Phones,302.376,West,CA-2016-145254,Standard Class,NC-18535,Nick Crebassa,Corporate,United States,San Francisco,California,TEC-PH-10004531,Technology,AT&T CL2909
Phones,302.376,West,CA-2018-100202,Standard Class,BD-11620,Brian DeCherney,Consumer,United States,Anaheim,California,TEC-PH-10002563,Technology,Adtran 1202752G1
Phones,302.376,West,CA-2018-130162,Standard Class,JH-15910,Jonathan Howell,Consumer,United States,Los Angeles,California,TEC-PH-10002563,Technology,Adtran 1202752G1
Phones,302.376,West,CA-2018-160745,Second Class,AR-10825,Anthony Rawles,Corporate,United States,Vancouver,Washington,TEC-PH-10003273,Technology,AT&T TR1909W
Phones,302.376,West,CA-2019-118885,Standard Class,JG-15160,James Galang,Consumer,United States,Los Angeles,California,TEC-PH-10002563,Technology,Adtran 1202752G1
Phones,302.376,West,US-2019-116897,First Class,JG-15160,James Galang,Consumer,United States,Pocatello,Idaho,TEC-PH-10004389,Technology,Nokia Lumia 925
Phones,302.384,West,CA-2018-111913,Second Class,LC-16930,Linda Cazamias,Corporate,United States,Sacramento,California,TEC-PH-10002275,Technology,Mitel 5320 IP Phone VoIP phone
Phones,302.384,West,CA-2018-129868,Standard Class,MC-18130,Mike Caudle,Corporate,United States,Los Angeles,California,TEC-PH-10002275,Technology,Mitel 5320 IP Phone VoIP phone
Phones,304.776,West,CA-2017-150875,Standard Class,HK-14890,Heather Kirkland,Corporate,United States,Boise,Idaho,TEC-PH-10001254,Technology,Jabra BIZ 2300 Duo QD Duo Corded Headset
Phones,311.97600000000006,West,CA-2017-137302,Standard Class,BW-11110,Bart Watters,Corporate,United States,San Diego,California,TEC-PH-10003174,Technology,RCA ViSYS 25825 Wireless digital phone
Phones,318.40000000000003,West,CA-2016-108189,First Class,ES-14080,Erin Smith,Corporate,United States,Tempe,Arizona,TEC-PH-10001760,Technology,Bose SoundLink Bluetooth Speaker
Phones,319.968,West,CA-2016-102330,Standard Class,AI-10855,Arianne Irving,Consumer,United States,Brentwood,California,TEC-PH-10001051,Technology,HTC One
Phones,319.968,West,CA-2017-123232,Second Class,DJ-13630,Doug Jacobs,Consumer,United States,Portland,Oregon,TEC-PH-10001051,Technology,HTC One
Phones,321.552,West,CA-2016-100867,Standard Class,EH-14125,Eugene Hildebrand,Home Office,United States,Lakewood,California,TEC-PH-10004922,Technology,RCA Visys Integrated PBX 8-Line Router
Phones,333.576,West,CA-2018-156265,Second Class,BF-11020,Barry Französisch,Corporate,United States,Los Angeles,California,TEC-PH-10001918,Technology,Nortel Business Series Terminal T7208 Digital phone
Phones,333.576,West,CA-2019-135937,Standard Class,KM-16375,Katherine Murray,Home Office,United States,Gilbert,Arizona,TEC-PH-10004447,Technology,Toshiba IPT2010-SD IP Telephone
Phones,333.576,West,US-2016-126340,Standard Class,EB-13870,Emily Burns,Consumer,United States,Redding,California,TEC-PH-10004447,Technology,Toshiba IPT2010-SD IP Telephone
Phones,339.96000000000004,West,CA-2017-144519,Standard Class,AW-10930,Arthur Wiediger,Home Office,United States,Helena,Montana,TEC-PH-10004908,Technology,Panasonic KX TS3282W Corded phone
Phones,339.96000000000004,West,CA-2018-165995,Standard Class,BG-11740,Bruce Geld,Consumer,United States,Los Angeles,California,TEC-PH-10004908,Technology,Panasonic KX TS3282W Corded phone
Phones,344.704,West,CA-2019-121643,First Class,AB-10105,Adrian Barton,Consumer,United States,Portland,Oregon,TEC-PH-10002200,Technology,Aastra 6757i CT Wireless VoIP phone
Phones,359.97600000000006,West,CA-2019-144589,Standard Class,TM-21010,Tamara Manning,Consumer,United States,San Francisco,California,TEC-PH-10003072,Technology,Panasonic KX-TG9541B DECT 6.0 Digital 2-Line Expandable Cordless Phone With Digital Answering System
Phones,361.37600000000003,West,CA-2018-148740,Standard Class,AH-10690,Anna Häberlin,Corporate,United States,San Diego,California,TEC-PH-10002549,Technology,Polycom SoundPoint IP 450 VoIP phone
Phones,369.544,West,US-2019-163300,Standard Class,ES-14020,Erica Smith,Consumer,United States,Los Angeles,California,TEC-PH-10001700,Technology,Panasonic KX-TG6844B Expandable Digital Cordless Telephone
Phones,371.2,West,CA-2019-107517,Standard Class,FC-14335,Fred Chung,Corporate,United States,Torrance,California,TEC-PH-10003505,Technology,Geemarc AmpliPOWER60
Phones,374.37600000000003,West,CA-2019-137099,First Class,FP-14320,Frank Preis,Consumer,United States,Los Angeles,California,TEC-PH-10002496,Technology,Cisco SPA301
Phones,377.92800000000005,West,CA-2018-108882,Standard Class,LA-16780,Laura Armstrong,Corporate,United States,Fresno,California,TEC-PH-10002726,Technology,netTALK DUO VoIP Telephone Service
Phones,380.86400000000003,West,CA-2018-136924,First Class,ES-14080,Erin Smith,Corporate,United States,Tucson,Arizona,TEC-PH-10002262,Technology,LG Electronics Tone+ HBS-730 Bluetooth Headset
Phones,383.96000000000004,West,CA-2016-162278,Second Class,AH-10585,Angele Hood,Consumer,United States,Seattle,Washington,TEC-PH-10000526,Technology,Vtech CS6719
Phones,399.96000000000004,West,CA-2016-126361,Second Class,VD-21670,Valerie Dominguez,Consumer,United States,Pleasant Grove,Utah,TEC-PH-10002310,Technology,Panasonic KX T7731-B Digital phone
Phones,403.168,West,US-2018-164189,Standard Class,DR-12880,Dan Reichenbach,Corporate,United States,Gresham,Oregon,TEC-PH-10003691,Technology,BlackBerry Q10
Phones,406.368,West,CA-2019-145233,Standard Class,DV-13465,Dianna Vittorini,Consumer,United States,Denver,Colorado,TEC-PH-10001254,Technology,Jabra BIZ 2300 Duo QD Duo Corded Headset
Phones,415.9680000000001,West,CA-2017-126725,Standard Class,BS-11665,Brian Stugart,Consumer,United States,San Diego,California,TEC-PH-10003174,Technology,RCA ViSYS 25825 Wireless digital phone
Phones,419.94399999999996,West,CA-2019-102820,Standard Class,CS-11950,Carlos Soltero,Consumer,United States,Pasadena,California,TEC-PH-10003437,Technology,Blue Parrot B250XT Professional Grade Wireless Bluetooth Headset with
Phones,431.9680000000001,West,US-2019-109253,First Class,PR-18880,Patrick Ryan,Consumer,United States,Oakland,California,TEC-PH-10004667,Technology,Cisco 8x8 Inc. 6753i IP Business Phone System
Phones,431.97600000000006,West,US-2018-169040,Standard Class,GT-14710,Greg Tran,Consumer,United States,Seattle,Washington,TEC-PH-10002834,Technology,Google Nexus 5
Phones,438.336,West,CA-2016-168984,Standard Class,NW-18400,Natalie Webber,Consumer,United States,Tigard,Oregon,TEC-PH-10000038,Technology,Jawbone MINI JAMBOX Wireless Bluetooth Speaker
Phones,438.36800000000005,West,CA-2016-154599,Standard Class,KN-16450,Kean Nguyen,Corporate,United States,Redondo Beach,California,TEC-PH-10000576,Technology,AT&T 1080 Corded phone
Phones,438.36800000000005,West,US-2017-156496,Standard Class,WB-21850,William Brown,Consumer,United States,Redmond,Oregon,TEC-PH-10000576,Technology,AT&T 1080 Corded phone
Phones,444.76800000000003,West,CA-2019-108329,Standard Class,LE-16810,Laurel Elliston,Consumer,United States,Whittier,California,TEC-PH-10001918,Technology,Nortel Business Series Terminal T7208 Digital phone
Phones,445.96000000000004,West,CA-2016-131450,Standard Class,LR-16915,Lena Radford,Consumer,United States,San Diego,California,TEC-PH-10002398,Technology,AT&T 1070 Corded Phone
Phones,445.96000000000004,West,US-2018-143280,Standard Class,TZ-21580,Tracy Zic,Consumer,United States,Los Angeles,California,TEC-PH-10002398,Technology,AT&T 1070 Corded Phone
Phones,453.576,West,CA-2017-132101,Standard Class,JO-15550,Jesus Ocampo,Home Office,United States,Seattle,Washington,TEC-PH-10004539,Technology,Wireless Extenders zBoost YX545 SOHO Signal Booster
Phones,455.712,West,US-2019-130687,First Class,PF-19225,Phillip Flathmann,Consumer,United States,Edmonds,Washington,TEC-PH-10002033,Technology,Konftel 250 Conference phone - Charcoal black
Phones,470.3760000000001,West,CA-2019-121048,Standard Class,TC-21295,Toby Carlisle,Consumer,United States,Westminster,California,TEC-PH-10004977,Technology,GE 30524EE4
Phones,470.3760000000001,West,CA-2019-145233,Standard Class,DV-13465,Dianna Vittorini,Consumer,United States,Denver,Colorado,TEC-PH-10004977,Technology,GE 30524EE4
Phones,471.92,West,CA-2019-153822,Standard Class,AB-10105,Adrian Barton,Consumer,United States,Phoenix,Arizona,TEC-PH-10002415,Technology,Polycom VoiceStation 500 Conference phone
Phones,475.944,West,US-2016-133949,Same Day,JL-15175,James Lanier,Home Office,United States,Reno,Nevada,TEC-PH-10004908,Technology,Panasonic KX TS3282W Corded phone
Phones,477.6,West,CA-2018-160717,Standard Class,ME-17320,Maria Etezadi,Home Office,United States,Santa Barbara,California,TEC-PH-10001760,Technology,Bose SoundLink Bluetooth Speaker
Phones,479.92,West,CA-2017-106257,Second Class,EB-14110,Eugene Barchas,Consumer,United States,Los Angeles,California,TEC-PH-10001494,Technology,Polycom CX600 IP Phone VoIP phone
Phones,494.3760000000001,West,CA-2017-157770,First Class,RD-19585,Rob Dowd,Consumer,United States,Temecula,California,TEC-PH-10001530,Technology,Plantronics Voyager Pro Legend
Phones,503.96000000000004,West,CA-2017-129917,First Class,HM-14980,Henry MacAllister,Consumer,United States,Los Angeles,California,TEC-PH-10000369,Technology,HTC One Mini
Phones,539.92,West,US-2016-144078,Standard Class,RB-19435,Richard Bierner,Consumer,United States,Los Angeles,California,TEC-PH-10001580,Technology,Logitech Mobile Speakerphone P710e - speaker phone
Phones,552,West,CA-2019-116953,First Class,SV-20935,Susan Vittorini,Consumer,United States,Mesa,Arizona,TEC-PH-10004614,Technology,AT&T 841000 Phone
Phones,555.96,West,CA-2017-157805,Standard Class,RH-19510,Rick Huthwaite,Home Office,United States,San Diego,California,TEC-PH-10004447,Technology,Toshiba IPT2010-SD IP Telephone
Phones,559.984,West,CA-2016-163419,Second Class,TZ-21580,Tracy Zic,Consumer,United States,Louisville,Colorado,TEC-PH-10000560,Technology,Samsung Galaxy S III - 16GB - pebble blue (T-Mobile)
Phones,572.8000000000001,West,CA-2017-156566,First Class,EM-13960,Eric Murdock,Consumer,United States,Portland,Oregon,TEC-PH-10001817,Technology,Wilson Electronics DB Pro Signal Booster
Phones,575.92,West,CA-2016-153983,Standard Class,AH-10210,Alan Hwang,Consumer,United States,San Francisco,California,TEC-PH-10004586,Technology,Wilson SignalBoost 841262 DB PRO Amplifier Kit
Phones,575.928,West,CA-2016-140732,Second Class,MA-17560,Matt Abelman,Home Office,United States,Los Angeles,California,TEC-PH-10001425,Technology,Mophie Juice Pack Helium for iPhone
Phones,583.8,West,CA-2016-162992,First Class,BP-11095,Bart Pistole,Corporate,United States,Los Angeles,California,TEC-PH-10001944,Technology,Wi-Ex zBoost YX540 Cellular Phone Signal Booster
Phones,601.536,West,CA-2016-158372,Standard Class,RD-19900,Ruben Dartt,Consumer,United States,San Diego,California,TEC-PH-10002103,Technology,Jabra SPEAK 410
Phones,604.752,West,CA-2016-120838,Second Class,PO-18865,Patrick O'Donnell,Consumer,United States,Los Angeles,California,TEC-PH-10003484,Technology,Ooma Telo VoIP Home Phone System
Phones,604.752,West,CA-2016-145254,Standard Class,NC-18535,Nick Crebassa,Corporate,United States,San Francisco,California,TEC-PH-10000441,Technology,VTech DS6151
Phones,604.768,West,CA-2019-157273,First Class,SZ-20035,Sam Zeldin,Home Office,United States,Seattle,Washington,TEC-PH-10002275,Technology,Mitel 5320 IP Phone VoIP phone
Phones,623.96,West,CA-2017-139248,Standard Class,RD-19930,Russell D'Ascenzo,Consumer,United States,Los Angeles,California,TEC-PH-10004094,Technology,Motorola L703CM
Phones,623.96,West,CA-2018-135461,Second Class,EB-13975,Erica Bern,Corporate,United States,Los Angeles,California,TEC-PH-10004094,Technology,Motorola L703CM
Phones,627.1680000000001,West,CA-2016-136399,First Class,CC-12100,Chad Cunningham,Home Office,United States,Los Angeles,California,TEC-PH-10004977,Technology,GE 30524EE4
Phones,657.504,West,CA-2019-105410,First Class,ND-18370,Natalie DeCherney,Consumer,United States,San Francisco,California,TEC-PH-10000038,Technology,Jawbone MINI JAMBOX Wireless Bluetooth Speaker
Phones,659.9760000000001,West,CA-2019-103380,Standard Class,BF-11005,Barry Franz,Home Office,United States,Pasadena,California,TEC-PH-10004165,Technology,Mitel MiVoice 5330e IP Phone
Phones,659.9760000000001,West,US-2019-101539,Second Class,VM-21685,Valerie Mitchum,Home Office,United States,Seattle,Washington,TEC-PH-10004165,Technology,Mitel MiVoice 5330e IP Phone
Phones,666.344,West,CA-2016-125829,Standard Class,WB-21850,William Brown,Consumer,United States,Los Angeles,California,TEC-PH-10001079,Technology,Polycom SoundPoint Pro SE-225 Corded phone
Phones,668.16,West,CA-2017-130113,Standard Class,AH-10030,Aaron Hawkins,Corporate,United States,San Francisco,California,TEC-PH-10003505,Technology,Geemarc AmpliPOWER60
Phones,671.984,West,CA-2019-134915,Same Day,EM-14140,Eugene Moren,Home Office,United States,Glendale,Arizona,TEC-PH-10001459,Technology,Samsung Galaxy Mega 6.3
Phones,675.96,West,CA-2017-157084,Standard Class,JG-15160,James Galang,Consumer,United States,Los Angeles,California,TEC-PH-10002922,Technology,ShoreTel ShorePhone IP 230 VoIP phone
Phones,689.408,West,CA-2019-107321,Standard Class,AW-10930,Arthur Wiediger,Home Office,United States,San Francisco,California,TEC-PH-10002200,Technology,Aastra 6757i CT Wireless VoIP phone
Phones,703.9680000000001,West,CA-2016-144666,Second Class,JP-15520,Jeremy Pistek,Consumer,United States,San Francisco,California,TEC-PH-10002680,Technology,Samsung Galaxy Note 3
Phones,707.88,West,CA-2019-156776,Standard Class,JL-15505,Jeremy Lonsdale,Consumer,United States,Westminster,California,TEC-PH-10002415,Technology,Polycom VoiceStation 500 Conference phone
Phones,742.336,West,US-2016-167262,Second Class,AC-10450,Amy Cox,Consumer,United States,Avondale,Arizona,TEC-PH-10000486,Technology,Plantronics HL10 Handset Lifter
Phones,761.5440000000001,West,CA-2019-122504,Second Class,DB-13270,Deborah Brumfield,Home Office,United States,Brentwood,California,TEC-PH-10002468,Technology,"Plantronics CS 50-USB - headset - Convertible, Monaural"
Phones,775.7280000000001,West,CA-2017-149846,Standard Class,SB-20185,Sarah Brown,Consumer,United States,Los Angeles,California,TEC-PH-10003645,Technology,Aastra 57i VoIP phone
Phones,783.9600000000002,West,CA-2017-155306,Standard Class,GA-14515,George Ashbrook,Consumer,United States,San Francisco,California,TEC-PH-10002310,Technology,Plantronics Calisto P620-M USB Wireless Speakerphone System
Phones,806.336,West,CA-2016-109897,Standard Class,BW-11200,Ben Wallace,Consumer,United States,San Francisco,California,TEC-PH-10003691,Technology,BlackBerry Q10
Phones,818.3760000000001,West,US-2016-138247,Standard Class,BF-11170,Ben Ferrer,Home Office,United States,Los Angeles,California,TEC-PH-10001530,Technology,Cisco Unified IP Phone 7945G VoIP phone
Phones,859.2,West,CA-2018-108056,Standard Class,ES-14080,Erin Smith,Corporate,United States,Springfield,Oregon,TEC-PH-10001817,Technology,Wilson Electronics DB Pro Signal Booster
Phones,859.2,West,CA-2019-122364,Standard Class,FA-14230,Frank Atkinson,Corporate,United States,Los Angeles,California,TEC-PH-10001817,Technology,Wilson Electronics DB Pro Signal Booster
Phones,862.344,West,CA-2018-140382,Second Class,RD-19900,Ruben Dartt,Consumer,United States,San Francisco,California,TEC-PH-10003012,Technology,Nortel Meridian M3904 Professional Digital phone
Phones,889.5360000000001,West,CA-2019-117212,Second Class,BT-11530,Bradley Talbott,Home Office,United States,Los Angeles,California,TEC-PH-10004447,Technology,Toshiba IPT2010-SD IP Telephone
Phones,907.152,West,CA-2016-115812,Standard Class,BH-11710,Brosina Hoffman,Consumer,United States,Los Angeles,California,TEC-PH-10002275,Technology,Mitel 5320 IP Phone VoIP phone
Phones,911.424,West,CA-2016-115812,Standard Class,BH-11710,Brosina Hoffman,Consumer,United States,Los Angeles,California,TEC-PH-10002033,Technology,Konftel 250 Conference phone - Charcoal black
Phones,911.984,West,CA-2016-126760,Standard Class,KM-16720,Kunst Miller,Consumer,United States,North Las Vegas,Nevada,TEC-PH-10001363,Technology,Apple iPhone 5S
Phones,1001.5840000000001,West,CA-2018-140249,Standard Class,SW-20455,Shaun Weien,Consumer,United States,Seattle,Washington,TEC-PH-10002584,Technology,Samsung Galaxy S4
Phones,1007.9440000000002,West,CA-2016-103660,Standard Class,MW-18220,Mitch Webber,Consumer,United States,Seattle,Washington,TEC-PH-10000895,Technology,Polycom VVX 310 VoIP phone
Phones,1039.728,West,CA-2018-155978,Same Day,TS-21205,Thomas Seio,Corporate,United States,Riverside,California,TEC-PH-10002885,Technology,Apple iPhone 5
Phones,1075.088,West,CA-2016-154599,Standard Class,KN-16450,Kean Nguyen,Corporate,United States,Redondo Beach,California,TEC-PH-10001557,Technology,Pyle PMP37LED
Phones,1091.1680000000001,West,CA-2016-166471,Standard Class,MG-17650,Matthew Grinstein,Home Office,United States,Seattle,Washington,TEC-PH-10001530,Technology,Cisco Unified IP Phone 7945G VoIP phone
Phones,1091.1680000000001,West,CA-2018-126732,Standard Class,LR-16915,Lena Radford,Consumer,United States,Los Angeles,California,TEC-PH-10001530,Technology,Cisco Unified IP Phone 7945G VoIP phone
Phones,1113.504,West,CA-2016-139192,Second Class,LC-16885,Lena Creighton,Consumer,United States,San Francisco,California,TEC-PH-10000486,Technology,Plantronics HL10 Handset Lifter
Phones,1123.1280000000002,West,US-2019-166688,Standard Class,RD-19480,Rick Duston,Consumer,United States,Las Vegas,Nevada,TEC-PH-10004094,Technology,Motorola L703CM
Phones,1145.6000000000001,West,CA-2019-130841,Standard Class,MH-17620,Matt Hagelstein,Corporate,United States,San Francisco,California,TEC-PH-10001817,Technology,Wilson Electronics DB Pro Signal Booster
Phones,1212.848,West,CA-2017-140410,Standard Class,CM-12655,Corinna Mitchell,Home Office,United States,Los Angeles,California,TEC-PH-10003580,Technology,Cisco IP Phone 7961G-GE VoIP phone
Phones,1295.8400000000001,West,CA-2017-164882,Same Day,SG-20080,Sandra Glassco,Consumer,United States,Redlands,California,TEC-PH-10001578,Technology,Polycom SoundStation2 EX Conference phone
Phones,1432.0000000000002,West,CA-2016-103310,Standard Class,GM-14680,Greg Matthias,Consumer,United States,San Jose,California,TEC-PH-10001817,Technology,Wilson Electronics DB Pro Signal Booster
Phones,1487.976,West,US-2017-163279,Standard Class,JD-16150,Justin Deggeller,Corporate,United States,San Diego,California,TEC-PH-10001795,Technology,ClearOne CHATAttach 160 - speaker phone
Phones,1626.1920000000002,West,CA-2019-118724,Second Class,AR-10825,Anthony Rawles,Corporate,United States,Concord,California,TEC-PH-10002549,Technology,Polycom SoundPoint IP 450 VoIP phone
Phones,1679.96,West,CA-2016-131387,First Class,AI-10855,Arianne Irving,Consumer,United States,San Francisco,California,TEC-PH-10001459,Technology,Samsung Galaxy Mega 6.3
Phones,1879.96,West,US-2017-128090,Standard Class,JM-15865,John Murray,Consumer,United States,Phoenix,Arizona,TEC-PH-10002624,Technology,Samsung Galaxy S4 Mini
Phones,1983.968,West,CA-2016-134313,Standard Class,RA-19915,Russell Applegate,Consumer,United States,Denver,Colorado,TEC-PH-10001795,Technology,ClearOne CHATAttach 160 - speaker phone
Phones,2575.944,West,US-2018-116729,First Class,GK-14620,Grace Kelly,Corporate,United States,Los Angeles,California,TEC-PH-10002200,Technology,Samsung Galaxy Note 2
Phones,3023.9280000000003,West,CA-2018-160717,Standard Class,ME-17320,Maria Etezadi,Home Office,United States,Santa Barbara,California,TEC-PH-10001459,Technology,Samsung Galaxy Mega 6.3
Phones,4158.912,West,CA-2018-159016,First Class,KF-16285,Karen Ferguson,Home Office,United States,Los Angeles,California,TEC-PH-10002885,Technology,Apple iPhone 5
